1,2,-40.20513005010247,20.599926769100836,-7.091951370102916,0.013238227124651723,0.4853051746411929,0.5019023665785789,0.34955142078950724,0.5111411777661812,1.4086547012348982,0.34872188840490614,0.34872188840490614,13,0.29514289731248794,0.09040218820767351,20.599926769100836,3,3
3,2,7.73813822666028,97.57517249507343,48.96695892030665,0.00958907250035787,0.48478639986779953,0.5043844850112994,0.582565066590429,0.6340187284079873,0.22635579554880558,1.7542954919958775,1.7542954919958775,13,0.23909166149593983,0.1659719917262731,97.57517249507343,3,3
3,3,23.010112859798024,111.71097269889694,64.97376894399407,0.012639804206653013,0.4950374759556282,0.4987757394356387,0.5280230132844408,0.43306937967106807,1.71199836051627,0.12078623703459207,0.12078623703459207,12,0.33132714215351994,0.08927808995827498,111.71097269889694,2,2
3,4,-28.774917675432494,10.688600845222226,-7.297207150406447,0.01201031708643212,0.495597480910317,0.4999394381684916,0.7061669124911586,0.5033297156048369,1.7141255120438694,1.0301096342421099,1.0301096342421099,12,0.3001945355935853,0.09082268287714823,10.688600845222226,1,2
3,2,-5388.640257885855,112.23721643564788,-321.16725104429986,0.011275063445592171,0.4946166898996111,0.50237158027788,0.5508215149314394,0.9229545958797961,0.03403320114738151,0.04945998297887383,0.04945998297887383,13,0.29213296610960804,0.15678847218342593,112.23721643564788,1,2
2,2,-53.36842784336494,28.508800628148922,-12.407916877755527,0.00944008658961563,0.4978746633917566,0.5008549201985201,0.6272079158625612,0.9104681271584552,1.1125134420198193,1.9470970740600253,1.9470970740600253,13,0.23604757092183257,0.04080208977042745,28.508800628148922,2,2
2,2,-31.14989548480071,57.65687310038585,11.253335254907755,0.006079531060401852,0.49788810752687,0.5030927255004645,0.45337832422611213,0.29778250073816825,1.8741262474246858,1.5240527606602523,1.5240527606602523,13,0.15145748095083394,0.046430783557163895,57.65687310038585,2,2
2,3,-230.84369671975867,7157.505704379491,425.9716033111503,0.006885460989773492,0.49694505232194114,0.5046450071036815,0.5488844314747391,0.5052690217654728,1.5255681273236308,1.5435499596444406,1.5435499596444406,13,0.18263952785513357,0.026536044929986676,7157.505704379491,1,1
3,3,-40.66713691393036,30.613313409675428,-10.373287605660014,0.0049404982651083985,0.49240105014944835,0.5041472124308348,0.6530377135215292,0.8637501092170323,1.9663284560524905,1.6159547197154733,1.6159547197154733,13,0.12714713338440095,0.073726592019304,30.613313409675428,2,2
1,1,-254.6352041899639,33.11726290238687,-53.40956964925105,0.008967093990095331,0.49450612555420587,0.5069626968850692,0.4099292641404852,0.9981311233753296,0.0005944426393660329,0.13864218178508647,0.13864218178508647,13,0.2234263570810164,0.12601246016344378,33.11726290238687,2,3
2,2,-158.8058949056901,137.5780250392757,-25.004783714153408,0.004676674614364696,0.4965718971003616,0.5073385432362556,0.6832805337702619,0.40968027659116807,1.953787167825167,1.309064268428427,1.309064268428427,13,0.11791924822223623,0.02537250939257905,137.5780250392757,3,2
2,2,-49.6438263229308,3.7881390121606824,-20.30783024803052,0.008293785308021216,0.4919806163935434,0.5046635144203901,0.4067873975154832,0.5715404648627478,1.197237602203381,0.3638765902301549,0.3638765902301549,12,0.20652871128759862,0.01845476136050604,3.7881390121606824,1,1
3,2,-4.780847251093111,20.841210589789238,6.863167123707603,0.0007486054783462427,0.4903092167680226,0.5051249228666226,0.6665235972448004,0.7159350015388453,1.7346933229212544,1.87179693162936,1.87179693162936,13,0.018708464911525707,0.0022571670820732545,20.841210589789238,3,4
3,4,-15.74440747963749,12.323582020656627,-0.3348190945020862,0.010028941296316611,0.4909112240113909,0.5046502816925447,0.5508011880229722,0.39004964974504497,0.22504086789973338,0.00032423276264637035,0.00032423276264637035,13,0.25007263054731343,0.050823019812698184,12.323582020656627,0,1
3,3,-16.44125296844962,19.093219360055446,-1.6041638365625421,0.005318877920175617,0.48987721781882027,0.5047473869721095,0.5335553389817654,0.5256813296981908,1.8030220806423705,1.965526959384392,1.965526959384392,13,0.1326068014867295,0.08870707754559623,19.093219360055446,3,3
3,2,-15.074765818056434,28.554169402495077,5.283355227718883,0.011805070492212853,0.49077497342276194,0.5051469698548317,0.42814121047354176,0.17611139755363509,1.871031372167059,1.8657736554452693,1.8657736554452693,13,0.29467845755890426,0.13673220946119355,28.554169402495077,2,1
4,5,-42.07751848761258,30.901218475488808,-2.2967635614781647,0.030474735038185832,0.4819596163810246,0.5026006798694531,0.4650064558988629,0.5381942712438109,1.8467446180470013,1.8631734886495255,1.8631734886495255,13,0.7601786904056399,0.22072474146293714,30.901218475488808,1,2
3,3,-35.43348323561223,8.428674206451984,-12.45079736215151,0.0174471387568644,0.48172776566611397,0.5052365150178472,0.601078776303915,0.00019997818109501742,1.0001086955281657,1.1201138388363812,1.1201138388363812,13,0.43512088658116926,0.21500178345476684,8.428674206451984,1,1
1,1,-91.25576023560663,144.87648354162496,14.228516665412732,0.012307721457254643,0.48237750681619795,0.5053621285160382,0.5048328084683856,0.595534809207029,1.8195085171101621,1.7558125227014485,1.7558125227014485,13,0.31116659112291595,0.10184834107961813,144.87648354162496,3,3
2,3,-107.86045849352129,66.38380492819005,7.306180628819173,0.017434012540575725,0.482872659866772,0.50840506747365,0.458167303948197,0.488361780925943,1.8353660044803264,0.2895632417435652,0.2895632417435652,13,0.4353314410404794,0.27296833193403425,66.38380492819005,1,2
2,1,-25.608394014104697,34.806008849806936,11.045168627255709,0.011411673948602109,0.4925532658540067,0.5067016164461772,0.4691220210838336,0.4374754448143119,0.2654987912474375,1.7580778959800392,1.7580778959800392,10,0.3625048669198449,0.18480747204032624,34.806008849806936,1,0
2,2,-7225.8086054947025,21.4858510426525,-478.5725082961762,0.020010317655311992,0.5039662940738102,0.5038188547594473,0.27811758278498616,0.424138280644502,1.7244077714475414,0.4139013275048183,0.4139013275048183,14,0.7134225972505904,0.16276502819421607,21.4858510426525,4,3
4,3,17.04253419419099,69.4823936315058,44.27939168794107,0.007794408422142262,0.5064312087164985,0.4970516866321365,0.6042225700105338,0.004140495676167977,1.0281601293813694,1.699517151239072,1.699517151239072,13,0.2014311993630871,0.09244306557910774,69.4823936315058,5,4
4,3,41.27558459248795,109.63643017875197,79.78592303096444,0.011781818244275506,0.49867975689648164,0.4939491588870684,0.5289911683182711,0.5492468810881923,1.803960702849578,1.935778253590914,1.935778253590914,13,0.29343964464306416,0.12310357136004169,109.63643017875197,1,2
0,1,-27.02048489243583,102.09965702174583,25.98022028220889,0.007364100864680907,0.49608916444640583,0.500218748268006,0.42620581650102274,0.15443223326061717,1.0527753183542863,1.530801790747422,1.530801790747422,12,0.19757349279510847,0.09100848974102674,102.09965702174583,2,1
3,3,-43.121380055134,68.25701295845775,11.889213594747664,0.020171338285547378,0.48518562435157714,0.5024552034462492,0.40118425932364443,0.44036397636891145,1.6305429054688467,1.7029194586999552,1.7029194586999552,13,0.5045190843250554,0.12452017941179885,68.25701295845775,1,1
1,2,-67.25998539692179,171.1695846436351,21.81047096392906,0.008541005284680268,0.49216073860251713,0.49896735945095616,0.3537641600469446,0.36770657593185363,1.8089754758677044,1.1780993750117,1.1780993750117,13,0.2137827492941991,0.023831726713130778,171.1695846436351,2,1
2,2,0.4102298776237595,102.1854290493647,48.14485489470466,0.0142544929338832,0.48481611954787424,0.49837185502052306,0.49506437926052205,0.4669536743854537,1.22350934106099,1.155125257237891,1.155125257237891,13,0.35608324421536863,0.2165810729125653,102.1854290493647,2,3
3,3,-5338.664267292331,87.70526920315865,-345.85383977525595,0.023600170551160985,0.4767899391197023,0.49841950784126915,0.47336315918229793,0.4506422015615519,1.0913539361015774,1.9406201724977583,1.9406201724977583,13,0.5885061832345343,0.30508820925506747,87.70526920315865,2,3
1,2,-18.4699674285633,70.3759222525081,37.87923629445564,0.009114794388245397,0.4802731717524885,0.5066274847037026,0.4158354088614046,0.8563745534734192,1.945349121633018,0.32887134717410094,0.32887134717410094,12,0.24433305251226642,0.12377663451143206,70.3759222525081,1,0
2,3,-73.38520478235098,28.45896910784851,-17.16410087934972,0.009908340187150956,0.4889481851742381,0.5075367749801704,0.4066981504767323,0.4753712478213924,0.2821893625360996,1.4972336671113418,1.4972336671113418,12,0.2664129608245135,0.03609102800291657,28.45896910784851,1,1
3,4,-40.40095906635468,32.243689070585205,-14.50064066248579,0.015199981375244951,0.47969078764218054,0.5056471961151277,0.4923372445016869,0.48611109329704105,1.490348904360335,1.9229619450450404,1.9229619450450404,12,0.40735554457351886,0.22850892513517526,32.243689070585205,1,1
3,2,-22.745789390838972,26.426953238454836,5.4869196819962225,0.008351486857307012,0.47258648215507976,0.5077633970550128,0.67571566710107,0.30748394114603383,1.850706830865977,1.7240453047227047,1.7240453047227047,12,0.2239015551519749,0.12549534471737803,26.426953238454836,3,2
4,4,-22.273376762831987,29.601034230790848,4.381900790147879,0.017830365851438934,0.4792139569445262,0.506880483229955,0.44841441747248056,0.3300518960141479,1.8287770690990572,1.6809145194416821,1.6809145194416821,13,0.4444041044581299,0.0609851274560692,29.601034230790848,1,1
2,2,-7.322324929170363,74.27340847553681,21.985081291130804,0.0064548916683970165,0.4911894277447746,0.5067692184199889,0.6263228546627846,0.49933877643828123,1.683494159002817,1.3183721908519654,1.3183721908519654,13,0.1627227846691582,0.06156541580350399,74.27340847553681,2,3
3,3,-32.40568649672209,19.46472407943319,-7.428128259452024,0.009314455291922348,0.4922068627580764,0.5073426202932994,0.47787483034435835,0.5412078951447409,0.42324173910714663,1.6279868199748093,1.6279868199748093,13,0.23243521701207337,0.118968234862341,19.46472407943319,3,3
2,2,-104.62411063232788,5419.843110801637,322.491793493543,0.02380770397271741,0.49553254608597075,0.5056963080664476,0.5674575403747311,0.4623412180332498,1.9121329675282432,0.19464285410505167,0.19464285410505167,13,0.5937536498100762,0.3016987797352224,5419.843110801637,1,2
4,4,-73.19847239902789,1.0752749935380108,-26.094498229845865,0.011665456441393158,0.5084362472806658,0.5066111106673876,0.5243857321460124,0.833612114203732,0.31313023994353173,1.8544139109760138,1.8544139109760138,12,0.2914913940518883,0.1993017018586682,1.0752749935380108,4,3
3,4,-36.005071461503,7.60780515596069,-6.931656156924374,0.003963368809059141,0.511525858678515,0.5070789523919423,0.4216180955471066,0.7577504746656875,1.9183836534790137,1.878796435947429,1.878796435947429,13,0.0988230574024741,0.04002185144141054,7.60780515596069,3,4
4,5,10.977620730270907,35.60133236784939,20.69515809997469,0.005090730789604874,0.5122529327869415,0.5081714735428492,0.3590594681895379,0.0410396900438425,1.0157746125941327,0.15266890524841065,0.15266890524841065,13,0.12701925278702988,0.051606189805686965,35.60133236784939,3,4
3,3,-21.54216732487466,66.29180515759312,-3.616711730778945,0.009062053973844342,0.5171109559044005,0.5078612934052944,0.6242459044248932,0.6079247979365816,0.08858388609693868,0.4142525473931675,0.4142525473931675,13,0.22622074250869462,0.10869655721409224,66.29180515759312,2,1
2,3,-15.54133908551642,18.320888106527356,-0.04525706330608197,0.01700363023092371,0.5228831279845465,0.5083633112410705,0.46790289308154204,0.4368085731184327,0.1084244604357898,0.10286036330545206,0.10286036330545206,13,0.4236719221656776,0.18123459857554286,18.320888106527356,1,2
2,3,-37.05419802147628,14.41729400392513,-9.1894850123857,0.0068383857062674054,0.5256883133025396,0.5064900002043162,0.5097349747955743,0.8328849093862745,0.06925753116257422,1.8263114612555693,1.8263114612555693,12,0.18370770006285836,0.08771480701949623,14.41729400392513,2,2
1,2,-54.29192296636965,87.62192475693955,20.96533484622901,0.006802070380909289,0.5273684779802958,0.5020983363191287,0.7126088036813233,0.1467077598248831,1.9488013460698637,1.7980069486556172,1.7980069486556172,13,0.16963831322560402,0.07356599538847396,87.62192475693955,1,1
2,1,-5665.081341981634,107.93498537783947,-353.72721078582833,0.016425824575463606,0.5270140095362588,0.4981530294815699,0.5403175502358534,0.678301702032176,1.899095411797494,0.37281473345018823,0.37281473345018823,12,0.41205313978340546,0.2565521141863737,107.93498537783947,3,4
4,4,-60.21154787616991,13.552167726573163,-5.6939222967926835,0.007993147213731185,0.5293988825782897,0.5033250151077906,0.48820348513372136,0.2821354316782988,1.1964793405222158,0.018950663634944853,0.018950663634944853,13,0.19970410547545162,0.08245997819673358,13.552167726573163,2,3
2,2,-50.606165171382564,16.09871720116618,-4.780540391737661,0.0018265629797203041,0.5300078240651933,0.5050873292403089,0.6078507931532031,0.7463261716015599,0.14178480849738917,1.3661019903666698,1.3661019903666698,7,0.07969680068085103,0.049773764122492944,16.09871720116618,2,2
2,2,-107.62773973583933,42.54006172133958,-9.414160641225923,0.010954558582108974,0.5276506536063694,0.5020075979176909,0.5303229141981958,0.520002791403524,1.2971508486206718,0.11272826619332404,0.11272826619332404,13,0.25511788012636527,0.09152648585939545,42.54006172133958,1,1
1,1,-26.6401906332263,155.0683345246605,20.2309106335019,0.010695981817105108,0.5317345689213465,0.5066626131534576,0.42259831994991487,0.5780696286053985,0.11781635946259816,0.2645766159018421,0.2645766159018421,13,0.26664044789221003,0.14212541567043865,155.0683345246605,1,1
4,4,-31.39492414575358,69.0329312217712,9.633295738308258,0.0072775539916938295,0.5347196735492369,0.5070215427449771,0.6397509245520298,0.5335297562177295,1.5502014790921859,1.5049486178197138,1.5049486178197138,12,0.1954057123332923,0.09976108617483276,69.0329312217712,1,1
2,2,7.6559925203062,61.30378081564949,31.303365368812784,0.013188751026182515,0.5224282273224422,0.5071062472959359,0.45435724880094475,0.5552917265254492,1.3983111121517553,1.4695774118096987,1.4695774118096987,13,0.3295606829062585,0.08890307099542692,61.30378081564949,1,2
1,2,3.4067884515645708,36.289740050609616,14.63162640510921,0.011894887787263875,0.5104604731713023,0.5077382383247216,0.5908330391385889,0.46818236566662075,1.5756185782839263,1.402585661687386,1.402585661687386,13,0.3072685371230897,0.17814988270604123,36.289740050609616,2,2
2,1,-122.91852614715643,3.822669104204753,-59.564604245784075,0.014204050690209137,0.49771577572738307,0.5071377878310159,0.5895605988977073,0.514324696636298,1.2684996830023696,0.024177671531366518,0.024177671531366518,13,0.3475429576237556,0.25182391024165995,3.822669104204753,2,3
1,1,-24.7464561484384,32.73880597014925,-1.5141700675137406,0.005253011658980276,0.49542043670302344,0.505501161168019,0.4020523089944986,0.6117136004883736,0.05469349067409651,0.2217811046567072,0.2217811046567072,13,0.13145930812840684,0.0282710556631487,32.73880597014925,2,1
2,2,-61.46832163156135,1.8122745749126925,-20.937426009385703,0.0016072683750665995,0.49547022535484664,0.5053240556003792,0.4589858364730964,0.5131228221252436,1.7466276636202918,1.7835969664387734,1.7835969664387734,12,0.04276942620693645,0.015114269285387892,1.8122745749126925,2,3
3,2,-17.401134614288157,11.363115268351109,-5.417233837910089,0.0024023728497394657,0.49428562987891456,0.505133463119467,0.7133367407172454,0.7407083570282045,1.3826646936887181,1.960031777164789,1.960031777164789,13,0.0599940925121217,0.03337920213965254,11.363115268351109,2,3
3,4,-18.233336208879688,-1.6990247973975574,-10.85819725256275,0.0008561573019578438,0.4935639187930122,0.503554406563441,0.48121756274062116,0.7551210284743874,1.1777015192893747,1.6873683122062166,1.6873683122062166,13,0.021402617035047394,0.010560355723604321,-1.6990247973975574,4,3
2,3,-5.4118471223021585,3.1028966017759565,0.24933238113838807,0.0030566286730149507,0.4938415340960972,0.5041519219925006,0.3347505609830478,0.5878268584663717,1.7242258677706475,1.0277430341029357,1.0277430341029357,13,0.07630804491367052,0.022033768809989987,3.1028966017759565,2,2
2,1,-4.973146468654347,29.26887346120813,11.578813123020844,0.016580032393101546,0.4923650494136778,0.5038868911298258,0.5263193358706181,0.6667400585221883,1.0426176686492328,1.9342679466503543,1.9342679466503543,12,0.4449997440090223,0.37513741573971787,29.26887346120813,1,1
5,4,-22.86786487910544,53.68247777459134,13.011014138719739,0.02381808211023027,0.49764941719079775,0.49801484152674674,0.36221482006969813,0.3666057734306291,1.886607967225738,1.8486521521633454,1.8486521521633454,13,0.5935861991787525,0.1619064216533294,53.68247777459134,2,3
3,2,-242.4532470494327,19.927720207253888,-14.67954220687243,0.05300869367892151,0.49571593737022746,0.5006325392673413,0.20205738566086712,0.3735648846639298,1.8460092598492173,0.013780851803175898,0.013780851803175898,10,1.677197859219099,0.04053861272413825,19.927720207253888,2,1
3,3,-251.19620402772796,5387.628620686179,339.5114279015689,0.00514861285787682,0.5053673365995998,0.505991331761082,0.305594532669654,0.5293665753214005,1.4605886106632155,1.8962432588301528,1.8962432588301528,13,0.12875205762364647,0.008802756970313337,5387.628620686179,2,2
3,3,-5296.7585808177,93.49925183314193,-317.3877563339102,0.005408652424336515,0.5077332624840358,0.5059959337363641,0.4384344194293404,0.5262972519165301,1.7827237829723381,1.585780218867265,1.585780218867265,13,0.1348371668690226,0.06533476328179362,93.49925183314193,2,2
3,4,-17.97613365155131,3.0552277630877454,-4.14721770167954,0.0069111573255755095,0.5101817413928017,0.5079564210772515,0.4972822780886766,0.5277034938008518,1.040894308535647,1.6201539267574374,1.6201539267574374,13,0.17275331508179564,0.09483778774933523,3.0552277630877454,3,3
3,4,-16.539082629384282,27.439408328297215,6.519080461792112,0.007882219131626914,0.5038315928762868,0.5069516905148824,0.38516390909049886,0.5708832179961627,1.6544214728396545,0.485353797869324,0.485353797869324,13,0.19657044672554452,0.08777417857242743,27.439408328297215,3,2
3,3,-16.724817460940567,20.30426620794998,2.51305943026259,0.00548453340096319,0.5045923763797396,0.5071736440062523,0.3899653396028478,0.4451982077542887,0.4372718930008293,1.3133360687798654,1.3133360687798654,13,0.13677914713749068,0.04766171973091105,20.30426620794998,1,0
3,2,5.6380952380952385,17.97149619925487,12.309175219945597,0.008423011898105959,0.4971391861992223,0.5062634911139806,0.4613296044522845,0.5276557224596754,1.2806520182773684,1.8958027347353759,1.8958027347353759,12,0.2101059798816455,0.13278164913331858,17.97149619925487,1,0
2,2,-12.410033273611466,14.456608163760555,0.9574659843889618,0.008072946835199839,0.5000042217827979,0.505349679167072,0.46566767803571374,0.43140903265185115,1.8156823559171424,0.4371654465632519,0.4371654465632519,11,0.20123466632566145,0.05505369118112474,14.456608163760555,0,1
3,2,-8.035146059685234,37.568382460771375,16.068589336250092,0.008099038323700562,0.5014307071765264,0.5056624951710303,0.4239768387459241,0.5337071800979318,1.8562028244032769,1.1777934661641565,1.1777934661641565,13,0.20197612368748724,0.022545089758568938,37.568382460771375,0,1
3,2,-18.24251458010738,27.70507286264739,8.379430920851663,0.007751169261922995,0.4965168776020171,0.5039593479285638,0.5303902598027498,0.5940133730811771,1.1785571930380474,1.6042329510151714,1.6042329510151714,13,0.19489556790809326,0.12391391246454851,27.70507286264739,1,0
3,2,-13.16824505351233,14.052965563922498,-0.6619921783946354,0.0070440242867532525,0.5048525264338841,0.5018398377050957,0.38107740707520577,0.5043456974287818,1.5944243780369558,1.2681866581375383,1.2681866581375383,13,0.175692005378727,0.07835102835522116,14.052965563922498,3,4
3,2,-13.887064477372848,88.76620631749617,26.53433144377836,0.010608691472064679,0.5029762199237233,0.5004482941329479,0.4286670842108111,0.060913151083787476,1.901826464321371,1.6945672224170256,1.6945672224170256,13,0.2646943764893909,0.04273430032544413,88.76620631749617,1,1
2,2,-51.40770791075051,94.46739607798209,11.466972097890732,0.010408356302550666,0.4963330947350533,0.5079920530319214,0.5244725396225873,0.30982657830757426,1.8087494047260075,0.015081262616457813,0.015081262616457813,14,0.2653539838618944,0.23337201601103152,94.46739607798209,3,3
3,2,2.0333102012491326,55.676705929845305,29.058860653613397,0.004095832904023781,0.496341716368047,0.5062107490748167,0.5422180776235698,0.4977809850849425,1.7616783744779507,1.1215086694899024,1.1215086694899024,12,0.10391056981865698,0.026550153530237815,55.676705929845305,3,3
3,2,24.741728901810994,52.24112354788372,37.72785524200952,0.005725081562121353,0.49388814375263634,0.5051332683247678,0.40225217127722085,0.5864447255136364,1.2819996789510093,1.8245749857850757,1.8245749857850757,14,0.1438541845713512,0.040738854576940695,52.24112354788372,2,2
2,1,6.9479728953715405,52.872478985569614,33.375525544661556,0.00464978594354289,0.48980363369697616,0.5039302914403379,0.4879634142118943,0.5808862702070355,1.7566689007280027,0.3623639746642975,0.3623639746642975,14,0.12381608364564686,0.02307127519205711,52.872478985569614,1,1
3,3,-1.475752556120409,14.408306086158435,6.162418529546087,0.005813302536456782,0.4951255374484592,0.5028576496988535,0.5475705522681776,0.43742712950093204,0.4321217240976232,1.7012251593244214,1.7012251593244214,13,0.14495577147595698,0.12880180813919592,14.408306086158435,2,2
2,3,-10.89905326793658,8.433726618705036,-0.2941677594510548,0.0017936777019057456,0.49913157021242477,0.5007791982094447,0.39999576445637314,0.3612231786073499,1.691673520687097,1.6922659900392663,1.6922659900392663,13,0.04474036577052961,0.0189416723845905,8.433726618705036,1,0
3,3,-13.847959849150763,6.515357183941102,-1.9329250791465402,0.00492455651580284,0.49768657925583065,0.4996039847532908,0.35951944370720423,0.6869895972376612,1.7209093990882758,1.6551912195269431,1.6551912195269431,12,0.12266135702749378,0.027068908172636436,6.515357183941102,2,1
4,4,-22.881857864254943,8.946337017204057,-6.788005095669655,0.012533608435301415,0.48561101281453695,0.4962406235933304,0.4686393679096053,0.5452384009490018,1.6896613012530273,1.7674078256325223,1.7674078256325223,13,0.3126329317933964,0.03540156149628618,8.946337017204057,2,2
3,2,-30.301856520742607,19.266074945061217,-1.0222892381869848,0.01056412781894803,0.4877339993677442,0.49528914051751294,0.4918228617764179,0.5980770528498315,1.7538507269952526,1.8066224336290977,1.8066224336290977,13,0.263476888216351,0.13117095650033297,19.266074945061217,1,2
3,3,4.736068267650705,59.63955739173143,36.48012025845424,0.011245502736562697,0.48893891312773263,0.49711867682014904,0.4518011635989929,0.2144557730975185,1.6413446750291645,0.3687276303081122,0.3687276303081122,13,0.29868802295994273,0.11117913934468546,59.63955739173143,1,2
4,3,-5.230854640224532,51.00567355666429,20.890332901781814,0.01056380901674573,0.5042886890116192,0.4956849918887019,0.4672747839616523,0.4379871303808538,0.42440224995727716,1.89727823072441,1.89727823072441,12,0.26357223402474744,0.14422189823914539,51.00567355666429,4,3
2,3,-59.85067603957028,49.99907982516678,-8.778288665774712,0.008684926890996043,0.5067893197612157,0.49822626252969104,0.5200486385629025,0.49111224724481384,1.9282741416982512,1.5983440818405483,1.5983440818405483,13,0.2164387189592509,0.089913314534918,49.99907982516678,1,0
3,4,-21.38529830536866,11.177075257702358,-2.7780763059957976,0.003395702802673709,0.514556596581898,0.5000436694423358,0.31394780794076027,0.5573825980393367,1.5537173104566806,1.989238274761616,1.989238274761616,13,0.08468397653771212,0.018514822626431764,11.177075257702358,3,3
1,1,-4.678711883727558,131.25006543170383,46.63450133837874,0.0036677950146260753,0.5149175389246508,0.49865411103449087,0.4639021311136643,0.7615355960153704,1.5987127152114835,1.829166058139482,1.829166058139482,9,0.12802494589090124,0.033901367633133776,131.25006543170383,3,3
2,3,-205.9457787481805,35.93371428571429,-28.96759200127577,0.005347317935085356,0.5169392328481285,0.49778907256467003,0.4899015736909852,0.5598176889650647,1.6752746275007904,1.9163971315412738,1.9163971315412738,12,0.13086031548710023,0.04487415927619754,35.93371428571429,2,2
2,1,-41.92012691826586,309.15177566858034,90.94029243643914,0.007398883545616068,0.5161030505384717,0.49991280601670346,0.4850142437529482,0.44144879810282145,1.877984014250919,0.432604981358052,0.432604981358052,12,0.18494992035062183,0.01555080584294926,309.15177566858034,1,1
3,3,-5282.723578805825,161.86784302979606,-337.81467674743624,0.006438478298469367,0.517192427601133,0.5068283515920242,0.5068433395435018,0.3772134943861585,1.7258076969354417,0.0317073912294899,0.0317073912294899,13,0.16182200420198606,0.06198706133152853,161.86784302979606,3,4
2,2,-27.109405730592727,101.61288646401663,29.667709580347974,0.005138253678266739,0.5189946322214036,0.506191616182526,0.673499020243019,0.3276457189499532,1.4333739323496584,1.095290443152858,1.095290443152858,13,0.12974398439521037,0.03642999478555044,101.61288646401663,3,3
3,4,-30.974553482974326,8.176634537219835,-8.55638611801485,0.017522397281125868,0.529429899132441,0.5039988939960798,0.533857748277511,0.49655802190440634,1.5826991188201036,1.5786431544439008,1.5786431544439008,13,0.43733619138027796,0.14461733803328114,8.176634537219835,2,3
2,3,-46.168228494472814,19.64068463050769,-6.75286261620028,0.0274804283969657,0.5553049853869847,0.5007313983639081,0.4371883823731313,0.44621185148771203,1.6220794442706992,1.5637562579256903,1.5637562579256903,12,0.6855967792114629,0.4741815839247679,19.64068463050769,1,2
3,2,-37.77500569605833,31.936909049977487,0.11362536046985891,0.01425225952640039,0.569214994188339,0.49254600365956624,0.6643403221584151,0.5318432869632838,0.47386608124422924,1.5047987924128012,1.5047987924128012,13,0.3555057278029219,0.09735547924478546,31.936909049977487,2,2
4,3,-62.39753555593943,23.200851504516425,-15.983822135867367,0.015113492877369888,0.5745579738465566,0.48424440761407217,0.4232951802087377,0.3980321496284562,1.550425411852391,1.51823859973175,1.51823859973175,13,0.3772667625695517,0.1730889207072726,23.200851504516425,3,2
2,3,-69.51792907801419,5352.34347788726,335.2891267227712,0.02495268014134094,0.559851116415054,0.5000509862725934,0.5669481746163171,0.31474643049530254,1.598230975959124,1.5607242710445548,1.5607242710445548,13,0.6225136477834669,0.3752358094251484,5352.34347788726,0,1
2,2,-28.708480150340616,227.9974588507075,17.668104702338635,0.012208620541694502,0.541888597844139,0.5069361009448766,0.6373354065056873,0.4273522151432553,1.4848921587832806,1.6479332276252041,1.6479332276252041,13,0.3052530491812793,0.22649857363127024,227.9974588507075,3,2
2,2,7.459874069834001,126.99564590542099,66.9202159284036,0.005941720997799172,0.5405638844247849,0.5083435471355915,0.6474985450997348,0.5982567770989536,0.17078097018147537,1.828571594911399,1.828571594911399,13,0.15477355129984893,0.05928045496434388,126.99564590542099,2,2
1,1,-34.74128336172629,-3.9572786622380027,-18.32578042587563,0.007080452752417247,0.5383443427464318,0.5076740040878455,0.33977902783616853,0.6716798798820486,1.7070954968715104,0.20793821947984542,0.20793821947984542,13,0.17763965941309387,0.03803370637340625,-3.9572786622380027,2,1
3,2,-32.506315306005284,8.670813397129187,-10.305870509735888,0.015587702595232691,0.5514262680023435,0.5065539520978928,0.46658313237603666,0.5111077439897471,0.2534926109174458,1.5774031684410046,1.5774031684410046,12,0.3888029292618948,0.2664609149742264,8.670813397129187,1,0
1,2,-25.850102786660575,0.26418030896933364,-18.881299659390724,0.01164576690199303,0.5659289023232839,0.5061488863825798,0.486925476267722,0.45886608264146617,1.5293456067031335,0.3171390274672465,0.3171390274672465,13,0.29074009540852985,0.1775465734053709,0.26418030896933364,2,2
2,2,-33.1404659188956,14.23670197537933,-3.5072707800783505,0.0067241030282571635,0.5769703880188957,0.5061251871287823,0.525124599162194,0.48010561351190945,0.33837644802217626,1.0184413658520959,1.0184413658520959,11,0.16759444948617877,0.11848882753740035,14.23670197537933,3,2
2,2,-25.653729723554946,23.26183175190928,-2.5628026487218656,0.006979683670768122,0.5801180056163243,0.5049012039105097,0.42342133150383293,0.8791501367193768,1.0481530333900477,1.5311428796485664,1.5311428796485664,13,0.17401180899422597,0.07020746601383544,23.26183175190928,1,0
3,3,-110.74080924855491,5329.13068637849,339.1454843276188,0.006426065878101679,0.5860800039200555,0.5050347973654667,0.3398458874497526,0.45785406188960975,1.5701836173081267,1.4702260387492085,1.4702260387492085,13,0.16348070345068252,0.02444215800502975,5329.13068637849,2,1
2,1,-33.42930532564644,18.582555679980093,-1.2131963863703696,0.01582826347660735,0.5708291401938786,0.5078956320385138,0.5295207722774768,0.4933138370635476,1.5486080619335576,1.3338929967771658,1.3338929967771658,11,0.39550945549425603,0.27859817081935445,18.582555679980093,1,2
2,2,-142.79251312485735,36.734963799099255,-35.43265975028804,0.012469841507200746,0.5568311846445477,0.5077512050171693,0.4928785555991998,0.561607439506863,1.2011919067688392,1.3168283742888236,1.3168283742888236,13,0.31109070396047217,0.1899560485243952,36.734963799099255,2,2
3,2,-0.599791738979521,21.99290211791643,11.262459420414759,0.010323958388894224,0.5439335964974903,0.5080846979220708,0.4482139891441365,0.5107228815534153,1.395554305816376,1.0912279087916386,1.0912279087916386,13,0.25744550815692463,0.1404975143321552,21.99290211791643,2,2
2,3,-27.76793248945148,6.443358709237587,-7.693587151484981,0.0050838566205234775,0.5426169490057324,0.5092191423972448,0.4822373116377847,0.6085801601167847,1.8472632167719536,1.586388525973773,1.586388525973773,13,0.12703665880537598,0.05071028119009118,6.443358709237587,3,4
1,2,-18.37131184748071,28.69150040364433,2.537309299710792,0.0021675198704307966,0.5450109137429131,0.5091225165128708,0.35494016673535006,0.28257051054220206,1.866082787998385,1.7164979919597625,1.7164979919597625,13,0.054122071977676454,0.011870005144253251,28.69150040364433,3,3
3,3,-105.51480637813212,25.788784035583337,-16.88465697255085,0.002732879605545982,0.5460737654141017,0.5079738141347965,0.5596254450669716,0.5783860140355559,1.6964158496149429,1.7527533402416193,1.7527533402416193,13,0.06817178014385006,0.018095801236732583,25.788784035583337,4,3
3,4,-9.300483641536273,30.275147420850747,14.212994500833286,0.01145739132477418,0.5410419293001395,0.5049517622749721,0.4807049475537379,0.6268271761571637,1.2956826226318605,1.7297382796478433,1.7297382796478433,12,0.30775380619858633,0.09076929673966216,30.275147420850747,1,2
4,3,-8.536082474226804,25.862350064050307,9.963959959428006,0.00803917918976944,0.5289681578439379,0.5054010508706173,0.5299639823475487,0.4924973380422433,1.6570112431547084,1.3259448434165542,1.3259448434165542,12,0.20053208411185902,0.12079476182443327,25.862350064050307,3,3
2,2,-4.614811700402426,24.881391183777225,11.715951190979295,0.01000244455411257,0.5243409315745036,0.5052775854617357,0.5501097277206024,0.6174242840574293,1.7366789178950321,0.0020294786689133426,0.0020294786689133426,13,0.2495214584192871,0.07221536795220841,24.881391183777225,0,1
2,2,-8.016927827976668,5.673722963644731,-1.248160012876556,0.0017176953384292026,0.5243079696382795,0.5046236016849677,0.37016979272311945,0.138713298843058,0.045383928449661104,1.963785377408937,1.963785377408937,13,0.042853205213496115,0.011260159089130844,5.673722963644731,4,4
2,3,-41.78751270181777,3.6684607104413347,-15.940075797066982,0.003104255330896007,0.5237480561884623,0.5038050908098618,0.3937637087750023,0.6681258091306569,1.7804690683210425,1.4275743471036448,1.4275743471036448,13,0.07751200376081532,0.007307060264177055,3.6684607104413347,1,1
2,3,-34.931958762886595,27.2156680959555,-17.01847855719825,0.017568034847780096,0.511962176717463,0.5005679559335112,0.5686631761664265,0.5249684851850505,1.3530666223923715,1.3883603469863302,1.3883603469863302,13,0.438351125796648,0.27386818434447874,27.2156680959555,3,4
1,2,-10.748182722473027,110.70566835455485,56.370944744471295,0.014762449713649114,0.49609114268383425,0.4877298518337987,0.560004583685489,0.5861759350444736,1.3791884151626337,0.41084803987566076,0.41084803987566076,8,0.3953192172233125,0.18850526679698337,110.70566835455485,2,1
3,4,-5075.4819594000655,5246.665658097813,-14.066428973384312,0.00865509594815884,0.4997943035821069,0.4690295518508979,0.731308971871134,0.5540783557543176,0.40992059802295955,1.4307860374834576,1.4307860374834576,12,0.2331413447966759,0.10185913599189043,5246.665658097813,1,2
1,2,-105.61855787909953,45.56375761756928,-1.3634920019409118,0.005307488841341287,0.49570802834873295,0.4607412233948708,0.43817603408804184,0.9891576719727976,1.980717956866194,1.7731114535555426,1.7731114535555426,11,0.13713046940928417,0.03936701885554457,45.56375761756928,2,1
2,2,-37.686817412705736,22.919606358819077,-11.471889630956845,0.011386961115814768,0.4959341270661859,0.449646810359425,0.5029164428352236,0.19328754219050315,1.8117652368063455,0.2474062016813544,0.2474062016813544,7,0.33131156400839085,0.07807339544200576,22.919606358819077,1,1
3,3,-5290.9358166937545,191.28097611273415,-386.3388022160311,0.026601883396499916,0.4997106156629193,0.44902361310445343,0.5293898901575333,0.14344578030084998,1.3802858472026742,1.5915172260817845,1.5915172260817845,9,0.7519881939463273,0.10451100340295308,191.28097611273415,1,1
2,2,-126.26148089352534,5338.779434463563,321.2690595972719,0.012300637157962514,0.5117373123528466,0.5034446118834118,0.3770848609219973,0.8115276819791304,1.6986886761370181,1.9187020278454325,1.9187020278454325,12,0.3085104483556783,0.06549088688764095,5338.779434463563,3,2
2,2,-5277.798266193637,177.8375796178344,-309.5830727447401,0.006524424131800686,0.5136171349457332,0.5038341263433298,0.7770338282851155,0.3587291854409749,1.732888063640591,1.486759762547039,1.486759762547039,13,0.16267611986499303,0.04738227851987151,177.8375796178344,1,1
2,2,-41.35742277547257,112.77120689655172,21.30657813594891,0.009209100164473414,0.5102979707812506,0.4989189369479815,0.3720387829707413,0.6432036250747185,1.6530431208894791,1.7229509870049817,1.7229509870049817,13,0.22957255022517867,0.05235978616476712,112.77120689655172,2,1
4,4,-59.882526632700326,77.12167168326002,-14.059207673496253,0.03940477986860831,0.5356866476081666,0.47859958428889515,0.45342697455200465,0.3753239661715833,1.6920082878986002,1.8570139049908445,1.8570139049908445,13,0.9438698132821126,0.4559860691089443,77.12167168326002,2,3
2,3,-124.17110001161575,5316.834123119147,326.8922293607761,0.020489993712132896,0.5432465320541745,0.5031010414659977,0.5979816063746053,0.07500126087475018,1.7552104305037988,0.12625912261161437,0.12625912261161437,13,0.5112663528764355,0.23368792249613324,5316.834123119147,0,1
2,1,-5184.293306493283,262.75740094070693,-305.64887057130784,0.014487158689791207,0.5445940350847585,0.5091906441841274,0.5893046668814714,0.5665382139264348,0.2849216617842101,1.5864203022583507,1.5864203022583507,14,0.360831343863671,0.16450538728639294,262.75740094070693,3,3
2,2,-42.92929121376812,3.9662976701054826,-11.84544431522281,0.011190273585320097,0.5431529883354429,0.5055486718316873,0.463509403548157,0.698719416132643,1.9099987204184963,1.857084321833842,1.857084321833842,13,0.2794671479937305,0.1194850239474941,3.9662976701054826,2,2
2,2,-80.02982084089878,25.83315486925158,-26.71703847070478,0.012185426012549174,0.553217085851293,0.5042930913822992,0.42513148031160486,0.7202989494618878,1.8885633516792089,0.2916847358282751,0.2916847358282751,12,0.3267337410090632,0.16550331111201677,25.83315486925158,2,2
2,2,-83.9525509616492,21.487232337112104,-24.146356031959918,0.004747559333896684,0.5565298867604089,0.5070901305476825,0.4621729759173628,0.8953672675651168,0.04598759307059436,1.5105361098050503,1.5105361098050503,13,0.11851338464558595,0.059549835847647184,21.487232337112104,3,2
4,5,-5.503769705277588,18.957463976945245,9.12378752312491,0.005965169461874,0.5504742773752364,0.5091793837149938,0.46438875584812817,0.4281860617366237,1.5293517694706409,0.4720200177378233,0.4720200177378233,11,0.14913804224774713,0.05087028465081074,18.957463976945245,1,0
1,1,-18.66742700729927,-0.13101330603889458,-6.627050706249538,0.004657841655914712,0.5561818285864226,0.5071849560098989,0.4447267800801362,0.34277039789213654,1.517873686028635,1.7843074358433177,1.7843074358433177,11,0.12210517332276385,0.040296517921705445,-0.13101330603889458,1,1
2,2,-4.347312194567564,18.041711874623267,6.873650415821655,0.005248824263623532,0.5559418216584221,0.507011658201615,0.43588561052492136,0.6654281859033685,1.1355172302034469,1.5115593312947224,1.5115593312947224,13,0.1310239892021115,0.02646489596334244,18.041711874623267,1,1
2,1,-0.01207757519451864,21.388908026179813,10.791944545611335,0.007144382369930822,0.5473918159802755,0.5065900491674741,0.4875905195969659,0.5286896320009866,1.5594432100864335,1.9631352946864422,1.9631352946864422,13,0.17822615456058727,0.08009231193985232,21.388908026179813,1,0
3,3,-13.18721245723723,8.902064828699965,0.07394693530070708,0.00433063871142548,0.5462155171803066,0.506557787011067,0.3757866433855187,0.37628543483807175,1.0609507920408467,0.062072787308563915,0.062072787308563915,13,0.10845660021785274,0.010079408628827417,8.902064828699965,2,1
0,0,-5304.341253194597,10.506150341685649,-2646.9175514264557,0.045488915589412225,0.5314308496280795,0.5066185854375362,0.6666851576057438,0.6103325904567753,0.12612530145438533,1.6089637786213165,1.6089637786213165,1,7.938803931569941,0.11025663022635254,10.506150341685649,0,0
2,3,-64.20471063605179,-16.669334164415343,-51.30040357165374,0.00984962013541424,0.4754001497335377,0.5079786130227149,0.5500801261463071,0.5041767509895153,1.4286885170459183,1.416780622003403,1.416780622003403,14,0.24503675460602095,0.1455431488111316,-16.669334164415343,3,3
3,3,-72.6534624061771,-20.812147772631977,-45.25018656961564,0.007288154422019067,0.4716317121054278,0.5076769863857943,0.3888363406123254,0.514072825462735,1.6905877641847666,0.31735179661841206,0.31735179661841206,13,0.1834974169713686,0.05809880504665794,-20.812147772631977,2,1
3,4,-61.31164894384834,-29.89718782680948,-47.903574744710475,0.009308943685420044,0.48302399853364425,0.5072870344361838,0.41125551981275404,0.48517423969063894,0.3264651375063155,1.770017422180137,1.770017422180137,14,0.22749292386980155,0.09095054709689933,-29.89718782680948,1,1
2,2,-55.362409564000444,-25.516363255986754,-36.701433509214446,0.005523086996788993,0.4799523467109317,0.5070199584122748,0.4008443220431456,0.47320497371038145,1.6344729570271632,1.3054106171142106,1.3054106171142106,14,0.13641829129003238,0.0558519674027872,-25.516363255986754,0,0
1,2,-38.374288661132226,35.47419613228058,-9.117337445541612,0.0023966935005934656,0.47772547118470116,0.5055238608380451,0.4904451877031031,0.4741223285377638,1.243462629214338,0.4050677125810912,0.4050677125810912,14,0.0585725642930858,0.03331505831347515,35.47419613228058,2,1
1,1,-151.94688460523594,66.63546437339383,3.179521481170517,0.00404463505229718,0.4781009158444783,0.50121212237825,0.6380834913674953,0.2953442622279919,0.12125389238856155,1.9559296988675228,1.9559296988675228,12,0.10255255567731421,0.005567994291821345,66.63546437339383,2,1
2,2,-70.67089740926704,-24.126159342622366,-44.364448135136676,0.007188397520013913,0.48084238124272183,0.5020517540598909,0.5289128413495277,0.5251892335899644,1.8946662135626127,0.13804609322373818,0.13804609322373818,11,0.17951064501743033,0.08613731563443905,-24.126159342622366,3,2
4,3,-19.453416282006465,5.344761674672427,-7.981492039816321,0.008005603961047313,0.4870140365664921,0.49648416618506114,0.42309016709895764,0.30729579824523645,0.13468074122201018,1.876956387695997,1.876956387695997,13,0.1999366674386876,0.10066020664991544,5.344761674672427,2,2
3,2,-28.087419628473263,5426.140713327757,384.2667815414253,0.006046185989536337,0.48862779750710444,0.4917346301674843,0.42081154487271344,0.9361440070031096,1.1009035065730362,1.7764384011878884,1.7764384011878884,13,0.1506514996858709,0.037879419077866544,5426.140713327757,2,2
5,4,-5359.6897919009125,5318.614736617191,-0.7128973390301739,0.01052842404036391,0.48236869687125794,0.49931739578644435,0.47808046719576747,0.37738709865564335,1.7682798178736905,0.19679016420297735,0.19679016420297735,13,0.26253892250425814,0.14847473446512713,5318.614736617191,3,3
2,3,-28.338755163082183,16.750611565462837,-4.437924033771606,0.009035469827965648,0.4873915653853189,0.49746366500854494,0.5032520286374441,0.4427339216594759,0.41394177319854036,0.17645644843621805,0.17645644843621805,13,0.22536589148603184,0.11832646603498248,16.750611565462837,3,3
3,3,-6.757634533433381,8.55832068501389,0.5251563886728611,0.0018339936568169976,0.49192198354100425,0.4950622915724913,0.333740035489858,0.4500751689277383,0.21970228514635476,1.9103509177082816,1.9103509177082816,13,0.04579808353384822,0.02305939687144609,8.55832068501389,4,3
4,4,-2.951604611882206,5.796407871198569,-0.12763746631094022,0.0009300071677687755,0.4925941589805815,0.4950115131835143,0.47401098962845595,0.5889577261874833,1.8453881037566613,0.4278096832327905,0.4278096832327905,13,0.02318950448329884,0.0064828805846308185,5.796407871198569,3,3
4,3,-4.85469599920467,6.0820234869015355,-1.0436906591553992,0.0003334747219660085,0.49285064703888365,0.4949259886642297,0.5388094907803714,0.8843633308244343,1.0590194236334116,1.1290782712421916,1.1290782712421916,13,0.008293096977926252,0.00455003158472896,6.0820234869015355,4,4
3,2,-9.349980692495818,3.1872782456290345,-2.1816407279901666,0.002654669351844261,0.49294425367362915,0.4964138600726922,0.35466190820493326,0.48184826455033664,1.599511580419328,1.9633663942166675,1.9633663942166675,13,0.0661593458630033,0.0028990686256166894,3.1872782456290345,3,3
3,2,-26.515460088520225,27.698578037635173,-5.238508099763429,0.0028488057045098023,0.49266910477290077,0.5061701007932424,0.35963080639874395,0.030399422634694417,1.9378579179986655,0.40643770896217185,0.40643770896217185,12,0.07103586856564754,0.02620633839503966,27.698578037635173,1,1
3,4,-26.506580256388393,30.790649825684405,1.9241470114937973,0.005782661345413018,0.49151835886258927,0.5063615936040878,0.48575822198784885,0.9282176516421107,1.910377950555241,1.348773306699881,1.348773306699881,13,0.14427875922174643,0.019410181348350704,30.790649825684405,0,1
4,5,-17.26994249274042,7.058527663465935,-5.112201028631204,0.004793232694620659,0.4878014282574729,0.5065697336196899,0.392752514686773,0.43451993469723765,1.444461127642585,0.27618802420807836,0.27618802420807836,13,0.11950684604444554,0.03390043256259036,7.058527663465935,1,0
2,3,-16.829906343689476,30.35910410856502,4.823917748444123,0.004133150094625555,0.492922389554599,0.5065970054517189,0.48500033141231036,0.38100297632408014,0.2519301168974837,0.4464604908401518,0.4464604908401518,12,0.1033303152891819,0.04495715163480515,30.35910410856502,3,3
3,4,-5330.504891575274,5356.118323729251,-28.459162817838113,0.004672007733472265,0.49498327426494115,0.5061003624896209,0.4182812867263743,0.5162921616073363,1.548025770503231,1.3837743441065946,1.3837743441065946,13,0.11640350103841127,0.02331105414164956,5356.118323729251,3,2
2,2,-50.82596247394024,-18.311748673074163,-32.082808686047265,0.008089770183725364,0.48970907519734097,0.503073437238733,0.46477725417140486,0.4758296250020839,1.413036414620377,1.6412083551837742,1.6412083551837742,13,0.20186077503782918,0.0732019216707137,-18.311748673074163,2,3
1,1,-139.02827142817037,57.02445201046737,-27.170424273258874,0.006002281088952357,0.4960277095200524,0.4997874062880874,0.6124490866145693,0.4332750183851019,1.697087487440079,0.11843360409662274,0.11843360409662274,13,0.14963425325999308,0.053753919720689755,57.02445201046737,1,1
2,2,-52.666306541949794,-10.718321597930737,-33.46808624910019,0.003093233383998178,0.4976601060657274,0.502443263332049,0.4536903067128883,0.8296053997801629,0.1925884426442701,1.614616394532945,1.614616394532945,13,0.07728226557431697,0.04878456854736378,-10.718321597930737,4,4
4,3,-10.686504949921844,10.290352080475538,0.311634201901116,0.009256189524268495,0.5047940434089728,0.5006599555909633,0.5403682734258645,0.3082822531241618,1.638098369506144,1.9183109775061544,1.9183109775061544,13,0.23102152220493663,0.1959718543890611,10.290352080475538,5,5
2,3,-16.560011368480886,14.96005710206995,-3.3451728892175834,0.00802011360959536,0.5096834400816569,0.5003501159449418,0.47015804140499684,0.40123604923600065,1.9586299731700219,1.749824235309866,1.749824235309866,13,0.1998048368387418,0.06700586142719442,14.96005710206995,3,2
2,2,-5.755111364934323,5.131597142198664,0.2539118802598657,0.0019431078663323064,0.5121164561737152,0.4990545756618182,0.44758321992338956,0.6532312690396999,0.46803404260649173,1.7469091507248375,1.7469091507248375,13,0.048489429113745,0.02119096594609843,5.131597142198664,3,4
4,3,-4.357822611343738,2.976185711426856,-1.5235547144232495,0.0011545881919768593,0.5126346501093062,0.4992659815152486,0.3808989955872752,0.5258096833141099,1.7824490124080148,1.6258599318901192,1.6258599318901192,13,0.0288300092608052,0.006593929471457735,2.976185711426856,2,2
4,3,-6.855412739217367,13.424926844512628,1.6328822324497858,0.01211578442330553,0.5079233762527269,0.4957516750196616,0.4463864755492363,0.6177733880987213,1.6536767264822099,1.7813294988363924,1.7813294988363924,13,0.30224794924618187,0.10829296828683058,13.424926844512628,0,1
4,4,-16.454545454545453,15.738091153428261,-2.28444695635832,0.021024448081306896,0.49550360358423656,0.4784588241080443,0.5289251713446715,0.6416735840555043,1.805597001436909,1.9689528748739236,1.9689528748739236,13,0.5249154465674374,0.25831005967513576,15.738091153428261,2,2
1,1,-27.617106061043575,22.641028558425305,0.013949826465675663,0.002222251907557432,0.489842785681997,0.46458877861499787,0.681236734442468,0.9585808356908412,1.7920558571359824,1.5856224407525308,1.5856224407525308,3,0.19427656915329064,0.09648463128978099,22.641028558425305,1,0
3,4,-20.54460318893734,446.7343571001253,26.694419390574186,0.005795268686883277,0.49514912252059384,0.5090845728758723,0.13052621859765687,0.4622349636190113,1.472932515479222,1.8160478895744492,1.8160478895744492,14,0.25494640411974734,0.002453094719598704,446.7343571001253,5,5
2,2,-13.546209063166105,11.355661147660687,-3.627917474716587,0.0009711104245419582,0.4950428365850124,0.5076498394565923,0.4956012548318314,0.3030360669687757,0.41094198345580596,1.131660180629761,1.131660180629761,12,0.026042024806632126,0.0057673784081979035,11.355661147660687,2,2
3,3,-49.767175143496345,5303.376308005866,356.19612080216365,0.005123880623878921,0.4931921627786424,0.5075357747077942,0.4236982695102617,0.872347127745464,1.1044396703804549,1.4389295224418899,1.4389295224418899,13,0.1278062133175645,0.03481156929415722,5303.376308005866,2,1
3,2,-5344.843910176439,66.42221692863974,-364.89997083684386,0.009611675254725957,0.48623231024969193,0.5044317088772853,0.5206347781639112,0.4929567878687313,1.43594347581528,1.7068849561817472,1.7068849561817472,13,0.23934920288385908,0.1490355182360637,66.42221692863974,1,2
2,2,-12.556769609850363,53.95964027359062,8.429810383768446,0.007734214821138543,0.4953373507729599,0.5050665733714899,0.3870111344147961,0.5281675876891008,1.6544586007588722,1.6880859555556256,1.6880859555556256,13,0.19281104406641414,0.041541182532399155,53.95964027359062,1,0
3,2,3.2196109687008594,54.35942693409742,24.41072934917833,0.008404193946944348,0.49168397814981524,0.5077972771724065,0.5593823670870063,0.46129542959185377,1.6264427015098935,1.369281072437189,1.369281072437189,13,0.2096732561771189,0.09897987263648914,54.35942693409742,1,2
2,3,-33.119204634861596,-2.9763127770113593,-15.14279901709125,0.009626681049145061,0.49080368351368675,0.5071844537059466,0.5420084614840716,0.4390554348207159,1.8868768826066777,1.7061713474955413,1.7061713474955413,13,0.24040740124799884,0.1472605588309732,-2.9763127770113593,1,2
5,5,-3.6970029292506603,7.796408308040574,1.3054550375480323,0.007330322169130676,0.49565096152207205,0.5075318665305774,0.46897851005681135,0.5409220621653495,1.75770057168857,1.96663033084397,1.96663033084397,13,0.18276390142095997,0.11508292593298942,7.796408308040574,3,3
1,1,-36.21118348034348,8.138544180167758,-13.489968793710544,0.008851839705777962,0.4958436806287084,0.5085572303334872,0.5208591063851227,0.5650075399217248,1.946480472824358,1.8947927815916306,1.8947927815916306,13,0.2208042134353995,0.07494450433071342,8.138544180167758,2,2
3,3,0.13574518510058106,36.88094868356038,16.272872835132077,0.009263071023272777,0.4919167494490033,0.5080544610818227,0.5904145372714896,0.6703889122214969,1.8641084697393224,0.010856763377919743,0.010856763377919743,11,0.23104270176234576,0.1603036006427852,36.88094868356038,0,1
2,2,-90.48130801508923,5334.679203856276,345.89290556664713,0.00701928788903344,0.49253581717373834,0.5070471900949876,0.4403349893120179,0.5119868470920941,0.1967704214834835,0.46390911134305385,0.46390911134305385,13,0.1754871043208103,0.09356651655360378,5334.679203856276,1,1
6,5,-23.77115145916924,-1.6998702609197058,-9.178543995050546,0.0030086779307939744,0.49955702286864084,0.5056347127258778,0.4313359437012612,0.40478262888250144,1.5087382981030089,1.9514392911657577,1.9514392911657577,13,0.07506390737645967,0.03236778869958319,-1.6998702609197058,1,1
2,2,-50.586450017661605,33.02550059900736,8.55328221679557,0.0024186044680747794,0.5004313440549941,0.5083879873156547,0.5017808707139394,0.05138363068149454,0.08336436673627834,1.7044377894988512,1.7044377894988512,13,0.060309463456019216,0.007210000522307519,33.02550059900736,3,2
2,2,-207.5642900412775,13.264726557008295,-37.04336190003746,0.003797985926547166,0.49725855167896027,0.5102851381401221,0.3615131867098733,0.4473446345592408,1.7252945119827479,1.285507614588463,1.285507614588463,13,0.09771634871102444,0.040755087175117014,13.264726557008295,2,1
2,2,-9.339593469410914,57.23964356947095,19.65958780252395,0.013136428868797848,0.4892554120411949,0.5052846973389387,0.5747491353992705,0.49260381811615167,1.4064175261935354,1.4224787206322635,1.4224787206322635,13,0.33792302945763275,0.17004357623624008,57.23964356947095,1,2
3,4,-22.847227503837974,44.54259039801139,3.3796213607604715,0.00931813197049896,0.47937101227085605,0.49470874704420564,0.45581357806353284,0.5429541161734428,1.544147275757138,1.0389232000458253,1.0389232000458253,12,0.2504005130338649,0.1132125096977108,44.54259039801139,1,0
1,1,-18.853691046765547,69.27681937621387,19.595585813608185,0.014077251408017383,0.4789207412864699,0.4912143330161388,0.34913015354986565,0.331965058242559,1.0397851673363436,0.04545369321753434,0.04545369321753434,11,0.35729406768976996,0.057041093386730087,69.27681937621387,1,1
2,2,-50.440833844267324,21.373597535465713,-6.644793843092714,0.014331038689836446,0.48596530258655546,0.4738448172807693,0.7167151728966383,0.08801839741561401,1.1931304163088479,1.8582100619052337,1.8582100619052337,8,0.37292489623893865,0.11301647639285425,21.373597535465713,0,1
1,2,-57.07317259416223,72.50585480093677,-0.37906198418699405,0.006753965352957151,0.4879939890269077,0.4501097868789326,0.41729958520564786,0.9896339523319984,1.3509477494967748,1.6970176259091456,1.6970176259091456,9,0.18016885753771622,0.0602568427204296,72.50585480093677,2,1
4,4,-5384.768588848303,5256.938448869833,-363.938622674433,0.0060557695865987235,0.49167256014687677,0.46455796202023825,0.43076256267759544,0.7594013555066212,1.5310115518125476,0.35228258849968913,0.35228258849968913,12,0.1515079683872055,0.05722141083444394,5256.938448869833,3,3
3,3,-15.556370405889487,5418.972826238387,383.1799115517509,0.007888010358109578,0.49310085153768934,0.4814884290099144,0.4119851114738147,0.005994168142242573,1.95931555481729,1.76509891832159,1.76509891832159,12,0.19679407196444337,0.015605572190772068,5418.972826238387,3,2
5,4,-5405.702683951792,5376.32647585215,-9.023469093037265,0.008315247818820355,0.4965908344657648,0.49749735556542873,0.5303164761731676,0.766211498018875,1.531610374834168,1.199931481186223,1.199931481186223,13,0.20780277146515092,0.09065347898609748,5376.32647585215,3,2
4,5,-5428.221292403595,53.04318708983933,-372.75698798842785,0.004698184298201286,0.492107664356156,0.504440194418033,0.6061082811112347,0.5102265485118881,1.1862171109201574,0.14150813430856451,0.14150813430856451,13,0.11677189283595046,0.0635971321124431,53.04318708983933,3,2
1,1,-1.313813942830956,81.29484386347131,23.971558360648974,0.010806737475993491,0.49394422503454344,0.5083444059391816,0.5211679828293089,0.7811522919776881,0.07744774936375437,0.19363630456309,0.19363630456309,12,0.2701646293943148,0.14217183338763903,81.29484386347131,1,2
2,2,9.82309999434101,48.46699957197888,31.141353697984307,0.006802013150340595,0.49720161933865814,0.5066291158397992,0.42381597280305555,0.4065114834007243,0.2352596883262813,1.3340293611731788,1.3340293611731788,13,0.17328725736698106,0.0429426282837731,48.46699957197888,2,1
2,2,3.318146915792168,80.08775994736692,33.66101230225021,0.003800269401579747,0.4910235652847896,0.5035805997252464,0.5138224114953496,0.4883088809130628,1.4648115782931366,1.8949421812421885,1.8949421812421885,13,0.09478170749779691,0.042317092548779175,80.08775994736692,2,2
2,2,0.8883602378929482,36.816833994863416,19.02957332217404,0.0017792792262501759,0.49044220783407727,0.5067345220347246,0.4991742990914969,0.05466579034744429,1.939515311274138,0.3286970900362044,0.3286970900362044,13,0.044403181523898334,0.02140314033910329,36.816833994863416,3,2
3,3,-8.077857746437834,9.234458672875437,1.097443253595546,0.0011948657597298377,0.49067256866939485,0.5076630209386349,0.5880610920841219,0.16231774609188337,1.520230090695053,1.5659700079031238,1.5659700079031238,13,0.029880459243410634,0.010235766178550413,9.234458672875437,2,1
3,3,-2.1328576771483645,42.30637444492193,18.78236833431647,0.007381635126258314,0.4906988296716932,0.5061285418272018,0.43418516336775753,0.4877310476802035,1.7234281863077097,0.22084631241236663,0.22084631241236663,13,0.18401595953366073,0.03827606764382478,42.30637444492193,1,1
3,2,-28.934650064405325,-9.25028545329984,-19.038512573724592,0.007645606495583995,0.49816291216346953,0.5059894658873478,0.46636811953275203,0.6654995084648359,0.2692807951080348,0.28373608088463137,0.28373608088463137,13,0.1907960986131417,0.11367791180203582,-9.25028545329984,2,1
2,2,-30.585841313269494,15.804124899181934,-5.649501780234558,0.0028361482729673147,0.5030415562824124,0.5087850292346308,0.2818827921981279,0.6056635539303745,0.354230799828339,1.2413595082777933,1.2413595082777933,12,0.07604480482129972,0.009724642619520754,15.804124899181934,2,1
1,2,-97.28822112627594,38.27275340654286,-40.963942755231066,0.007921900369738317,0.5025129577470204,0.5083156028886636,0.4934464579336002,0.4867876652484074,1.1624618064677847,1.0231182376834873,1.0231182376834873,13,0.19731882324167424,0.11364751585752642,38.27275340654286,2,3
1,0,3.6511587785381563,29.862963806055088,17.585740277634226,0.0046785061276009565,0.5018068239042143,0.5067760547356946,0.5766461278427364,0.34577077751764307,1.046665645761373,1.0856278077502652,1.0856278077502652,5,0.2726145323674019,0.2540222132119035,29.862963806055088,1,1
2,3,-158.26906927921624,-22.33457249070632,-82.16847638070345,0.008599635488920104,0.49853125046606045,0.5071876382920891,0.47818957689562125,0.43818383411636225,1.088729596071591,0.0991353710288661,0.0991353710288661,14,0.20058176561731286,0.07057847061972693,-22.33457249070632,2,1
1,1,-0.6146841862609498,201.1217937829115,85.84187752164834,0.014461089429050104,0.5028746514921151,0.5081985997160275,0.5344276693718453,0.548156814133437,0.16430558553171892,0.24616503066460527,0.24616503066460527,13,0.36028083246749126,0.15886861430065627,201.1217937829115,0,1
5,4,-4.500113999088008,14.472981563890654,6.864307113694522,0.01040138581793221,0.5130438657980116,0.5060248118638992,0.5782978015212348,0.47710432712788753,0.4505645964115792,0.4676192624182698,0.4676192624182698,13,0.2597673266621808,0.18323242377891757,14.472981563890654,2,2
1,2,-32.336309523809526,-4.8481125753853025,-18.855196601864503,0.013518218074306063,0.5263850386856365,0.5056051244427051,0.5676525989362843,0.4829258756375442,0.34137317629271435,0.3903850491464186,0.3903850491464186,11,0.36274735372390826,0.17366622949920366,-4.8481125753853025,1,2
2,1,-108.89807876500085,79.05344472419318,-20.46631602488324,0.004162026823089996,0.532313805345505,0.5057978574186563,0.7102356907006029,0.24421859587691663,1.1970544123648952,0.1571714561925377,0.1571714561925377,13,0.1042665042468026,0.02859578283336058,79.05344472419318,3,4
2,1,-1.9866071428571428,21.91903295700764,11.912047814407796,0.003404773198514374,0.5335599216203841,0.5051159808039665,0.4397976272846488,0.8025154325877921,0.22214097693503848,1.7212472989361791,1.7212472989361791,13,0.08495894475839486,0.02840101322321032,21.91903295700764,1,2
2,1,-14.524658245371171,15.33432426252001,6.132609513673463,0.004061868296614311,0.5370525547436306,0.5064226925373078,0.5435127462117867,0.6526929624707574,1.797581776749911,0.3913744127121936,0.3913744127121936,13,0.1013540542020958,0.07030320507616138,15.33432426252001,1,1
3,2,-683.3967924310604,-22.037494968083273,-110.9515133309373,0.04598790049483919,0.5365278839907318,0.505622303734223,0.22325066082169318,0.504780317788973,0.36832610766533547,1.394716148558345,1.394716148558345,7,2.022134278612034,0.16626642082825233,-22.037494968083273,0,0
5,4,-5.407005518443218,3.043423801728158,-1.6316130666868274,0.00044133532802253237,0.5075242796114513,0.49925881669457467,0.7471649259075905,0.28418003229960287,0.240450488016883,1.9880434810005827,1.9880434810005827,12,0.011854665235700172,0.0016769166057637856,3.043423801728158,1,1
2,3,-6.645130068242869,29.19831807252109,5.314447370572445,0.0042047358748575295,0.5077910711367924,0.4988886423160632,0.4237762521209769,0.6053493716709315,1.7937219375493612,1.8489444309778014,1.8489444309778014,13,0.10480413340599357,0.020258779029306062,29.19831807252109,3,3
3,2,-5364.9640906160985,50.35006385422687,-367.9134155598733,0.012996800919180413,0.505802213980092,0.4925469920535882,0.4692008027892991,0.7327565556866354,1.899772018890649,0.4741304809278698,0.4741304809278698,13,0.32441517668670533,0.15453599083699826,50.35006385422687,2,2
1,1,-0.4234494542731802,78.8197736287124,34.73172842340027,0.011410393962276947,0.5151938243902155,0.49338709716685114,0.4150190615741556,0.5056495559865717,0.4071127521359367,1.307312941166027,1.307312941166027,13,0.29419279052987224,0.047472739199319,78.8197736287124,2,2
2,1,-36.91816811772272,145.44265173965536,60.71346916502502,0.011855479650706564,0.5077982261484745,0.49502215817132417,0.512568797905298,0.44706398216356746,1.2447230974294814,1.8235506970716844,1.8235506970716844,15,0.3002664668055978,0.1156279976820347,145.44265173965536,3,3
2,2,-12.296680571643796,17.406374245126905,7.430333681105002,0.009079069426008668,0.5000941039624787,0.5043190091413756,0.4820307849691207,0.25900273594135276,1.7810696615235475,1.7441742191273206,1.7441742191273206,13,0.22630471372268343,0.14469937132012078,17.406374245126905,2,3
3,4,-8.199643293496425,39.991582552663466,4.306444781190513,0.002817964970258104,0.49581677934953144,0.5080169055362542,0.4779072129895687,0.7428870129462196,1.9222021472754867,1.6097503275484935,1.6097503275484935,13,0.07039247344189843,0.041282698980015714,39.991582552663466,3,3
2,2,2.387178893774589,34.44752504972417,17.256226494393808,0.00782013418768265,0.4965746688109542,0.5082176255683104,0.378608328594421,0.25584453969667437,1.6392826403042817,1.7378064872670258,1.7378064872670258,13,0.19484144760609223,0.01991880390403059,34.44752504972417,0,0
4,3,-6.967002749770852,19.339068183130305,8.412500396019253,0.00953515824144832,0.5078950001133813,0.5079394752780596,0.40540750780491247,0.4980107280268923,1.749951663280804,0.21243213006862466,0.21243213006862466,12,0.23758104069461164,0.12457533805823652,19.339068183130305,1,0
3,3,-17.33856239417664,6.437179813761286,-5.668473916598787,0.010160861785978526,0.5149174841623457,0.5079727295041084,0.43012856915071274,0.5127546805810766,0.12587379252073227,1.9368443252153131,1.9368443252153131,13,0.25395949339733676,0.06483993859800631,6.437179813761286,0,1
2,2,-53.766228599843714,16.58467186782928,-10.176513255399556,0.0027654198956917064,0.5165642380308942,0.5080250731004136,0.5588937124537012,0.8830953590913333,0.044620156939002786,1.6830676225931143,1.6830676225931143,12,0.0743195363830986,0.036510908780514696,16.58467186782928,2,3
3,4,-30.491605142384767,11.588407125264906,-17.658724926439273,0.009416930984702655,0.5153533008363512,0.5066957241793474,0.5803036296951447,0.6486002157451858,1.1696131299963224,1.2223544628318481,1.2223544628318481,13,0.23513212675464512,0.14215634686889644,11.588407125264906,2,2
4,3,-10.58798063229849,16.49517749401665,2.0330723559645203,0.0066784419765460535,0.5115632538284575,0.5046207129706939,0.3751502712094729,0.687448511570594,1.3898214533333144,0.19211456275845512,0.19211456275845512,13,0.1667070073288986,0.07122766703966037,16.49517749401665,2,1
2,3,-17.906170423973872,14.158983749801738,-5.592789313682141,0.007825316217351247,0.5179579643030016,0.504872970978419,0.4256730098562336,0.453076644560886,0.19068478979594022,0.11096360906757491,0.11096360906757491,12,0.1952287199265502,0.06070734049541314,14.158983749801738,0,0
3,3,-11.176486220734008,53.3859358013389,9.47442738682349,0.0018503544182759157,0.5201224011628807,0.5045330316892692,0.43656111079319176,0.5371974100380894,0.06487833389782083,1.6746402242344993,1.6746402242344993,12,0.04986079899976532,0.015248167183351735,53.3859358013389,3,3
1,1,-183.17986264827744,14.204086311144225,-52.62765876251801,0.007146023396930729,0.5188784158419049,0.5050563454131285,0.32237098451839946,0.5614100707233896,1.268427660828781,1.100933261843123,1.100933261843123,13,0.17795976946465109,0.03627337062563027,14.204086311144225,2,1
4,4,-103.47373254256743,5385.343686105111,325.2527887208822,0.012115502010009865,0.5114581990336615,0.5084812094767889,0.49642445840058236,0.3970115387400157,1.1988662294263897,1.271495062172862,1.271495062172862,13,0.31016446828186994,0.1497610210633283,5385.343686105111,1,1
3,2,-34.86452049388284,31.210085959885387,-5.0956244424546595,0.009393653004749928,0.5113182578294996,0.507639256666104,0.5873757312016203,0.9324575437556422,1.9853475058719008,0.3555894163644077,0.3555894163644077,13,0.23430068117493555,0.09044507950497026,31.210085959885387,0,1
3,2,-38.31997970172817,8.73864280049847,-11.781712521204302,0.0055041476568319135,0.5180625031864833,0.5088668609658877,0.3604757107657446,0.5519239539687367,0.3171078589343429,1.4212614077059529,1.4212614077059529,12,0.13738870464094471,0.04115601835089883,8.73864280049847,1,0
2,2,-58.13005170869804,114.39598354158016,-13.259988571335324,0.011232686765661519,0.506420080616538,0.5087479768786579,0.4667036021413505,0.49273735671250035,1.4204692204751,1.8887213263537357,1.8887213263537357,13,0.27308743222084114,0.11158953352897073,114.39598354158016,3,2
1,2,-40.796534822751624,69.89876571169744,9.974457865927961,0.012070655251274478,0.5049622305801936,0.5085694939394791,0.541836622039665,0.5951698415929767,1.8877620896480676,1.8021456157870184,1.8021456157870184,13,0.30092352411676837,0.27488516020461834,69.89876571169744,2,2
3,3,-5334.86085199005,5267.0016588959015,-25.074854508120318,0.008254990876511901,0.506596427866999,0.5091081514422383,0.5380863206950591,0.4565634525210411,1.7595700999414499,1.292160845849462,1.292160845849462,12,0.22151569437128657,0.14978412430286203,5267.0016588959015,3,3
2,3,-0.754350465398624,50.6782152829221,19.044631627710725,0.005586063929265141,0.503664797568132,0.5093518226842085,0.46197367690717495,0.43922748314290605,1.2884009971059702,0.1932200948411661,0.1932200948411661,12,0.13924100113807406,0.02615204736822058,50.6782152829221,1,1
2,2,-5299.4971309615,74.23791407627354,-341.72551988661826,0.011012568477410964,0.5045800399330873,0.5093943902850151,0.5996670809127469,0.9297150311922777,0.004054620648223484,1.9405880558709918,1.9405880558709918,13,0.2752153550401973,0.17060100448493887,74.23791407627354,0,1
1,1,-32.845210550670984,23.900651141630412,-4.48246804330653,0.009514138161985026,0.5038375399888508,0.5084182443966468,0.5535832685936668,0.4683615871974192,0.09935195532441965,0.05280667937312755,0.05280667937312755,13,0.2372950618873839,0.1569894443465711,23.900651141630412,1,2
4,4,-41.55827666351037,16.311656991017532,-17.56848477848624,0.004885936351397637,0.5061167008346982,0.5039637753864129,0.4868262587751135,0.9927092917661557,1.9949238982872584,1.8359487377832133,1.8359487377832133,13,0.12180422371285393,0.06978776721947921,16.311656991017532,3,3
3,3,-43.88926369663836,5342.520035927718,367.4306211709799,0.002613169866517926,0.5043230415100143,0.5087257120013237,0.5075783440050986,0.36213632370889304,1.6970821390805373,1.288326188947123,1.288326188947123,13,0.06521360447161924,0.012881967382696485,5342.520035927718,2,1
2,2,-4.673220204538373,29.082691319979457,6.6517342344209265,0.005366860564684498,0.5028684732578104,0.5081913612782956,0.3441167208474014,0.652549527587245,1.1918316465554482,1.948644390438371,1.948644390438371,13,0.1337982678143861,0.036789480861204,29.082691319979457,2,1
3,4,-40.50544864363552,5477.09112523626,381.11672314182476,0.017170068936296187,0.50393353105774,0.5078203646093606,0.49988358025985125,0.9552338628918571,1.994791601113034,1.761067128237825,1.761067128237825,13,0.42805419985090015,0.3129444664838966,5477.09112523626,2,1
3,2,-76.18780368592047,27.404036868510094,-33.269017171280765,0.01677945838283163,0.515134206461528,0.5080026917159557,0.4713710136990091,0.5756351622933229,1.7275169521196867,1.056835761223454,1.056835761223454,13,0.41867065577955775,0.25155988799765727,27.404036868510094,1,1
2,2,-80.68017027111962,-32.805439093484416,-52.140481969431434,0.008176183684468345,0.5164709352311634,0.5085215839246909,0.5398924682996785,0.9583897184901373,1.9903792758729582,1.5253882779400172,1.5253882779400172,13,0.20415394330656336,0.06817343202353392,-32.805439093484416,2,2
3,2,-53.33545780458658,7.78720943679889,-10.878928375923923,0.007660522212380057,0.5189908163888114,0.509973418066899,0.3428472805143603,0.7496204631340593,0.36469833671994184,0.005122628389041872,0.005122628389041872,12,0.19088772803050102,0.0247071197756248,7.78720943679889,2,1
2,2,-57.40677386247007,16.94008157637732,-23.56731406595006,0.014547430783382071,0.5172400798927359,0.5054871441796422,0.46353972782084013,0.8859016491802718,1.9807226004652374,1.7424361794237333,1.7424361794237333,12,0.4059974004607422,0.2906520015186535,16.94008157637732,1,0
3,2,-124.53124091833769,6.763682017919306,-39.86233617581633,0.0173341604113001,0.505069501040613,0.5035088158048251,0.46131266910143665,0.4389396771169051,1.6859223721672876,0.10152895475739587,0.10152895475739587,15,0.4207990903605342,0.28219160521638176,6.763682017919306,2,2
4,4,-60.7297742907499,-13.026809342998504,-34.81583495327957,0.008309508014261242,0.5095141850766681,0.5012078245542944,0.4201545163635738,0.5381634456678105,0.22388963517076643,1.8501083950577237,1.8501083950577237,13,0.20687153369291994,0.12676331736472468,-13.026809342998504,2,1
3,3,-50.49638222120133,-23.466342817487856,-35.466912258076206,0.0037541781835889855,0.5076150218172679,0.5008787654836973,0.3792741759100922,0.441455396484465,1.7635875850531584,1.9073827502062728,1.9073827502062728,13,0.09620144526690863,0.02103163933894048,-23.466342817487856,1,0
4,4,-39.19751009421265,-8.568049346386735,-24.862385741838356,0.00959262816736042,0.5100418566504404,0.5032617773860693,0.5537339694901947,0.723205848799781,1.8631693758239385,1.7823734110362581,1.7823734110362581,14,0.2339817510456271,0.1326227927782436,-8.568049346386735,0,1
2,2,-30.972752356863648,-2.7041089512280294,-11.839125645324199,0.00787475206542816,0.5171875686872573,0.5044862388571103,0.41783662964349366,0.5323900192287194,1.778571245974214,0.4187918664675896,0.4187918664675896,13,0.19651731758241234,0.11019241130852926,-2.7041089512280294,1,0
2,2,-11.921875,16.064388367092906,0.2245355519814653,0.01219505921097815,0.5309729413380698,0.5042783398926258,0.5360851242553138,0.5001272357872724,0.43282157193215987,1.8060064219862215,1.8060064219862215,13,0.31154406327743345,0.26039926102011024,16.064388367092906,1,0
3,4,-24.211367774237598,24.20179544233868,-1.490960711557934,0.004103288688393058,0.5386618485526433,0.5019503967960676,0.3265384633706194,0.4253252174214863,1.713637346092,0.014540522682311596,0.014540522682311596,13,0.10338835773755653,0.03256621007626299,24.20179544233868,1,1
2,1,-752.4696991445139,9.527442496014576,-99.36659993432764,0.03599905293158004,0.5342328508221914,0.5030412653254138,0.22249738032955726,0.78788247043842,1.971881738037251,1.583793679016908,1.583793679016908,7,1.5750733346512178,0.02747481395792996,9.527442496014576,1,1
1,1,-78.7516317531975,6.625159385368035,-19.92411557184706,0.013427372863496318,0.49441445704017367,0.4997635611643394,0.5728780552444175,0.14785423724444124,1.0512539287188543,1.4304778873749282,1.4304778873749282,13,0.33495187930665804,0.22911999358934457,6.625159385368035,1,2
2,2,-102.13697279287673,-20.257557827969222,-57.03669953054521,0.008823798976536599,0.4924604052322961,0.5014718835125678,0.6180689434637402,0.37247561741025925,1.4843935578344003,0.39970110961723837,0.39970110961723837,14,0.22072421847414594,0.033521816255768735,-20.257557827969222,3,3
2,2,-58.20689005580804,-15.009094295002296,-32.07043538112223,0.0027441454425074807,0.49859436553399433,0.5073420398813837,0.5055872361181701,0.6206983264510529,0.39240408373534774,0.009168850048498156,0.009168850048498156,15,0.07012445884708415,0.041993546998155815,-15.009094295002296,4,4
3,3,-24.24495279645775,4.493496345565603,-11.887592389919178,0.008289626288658859,0.499177327238712,0.5070544582955977,0.5730059766437133,0.03061355076931238,0.008689820594826037,0.01725618879658397,0.01725618879658397,15,0.20797658887598255,0.09866190689945684,4.493496345565603,1,1
1,2,-120.20135066277209,37.9639189151509,-28.823752580041262,0.005660759882046239,0.4994161194764307,0.5055241977467256,0.533940855628667,0.1927831533674787,0.03784380966371481,1.87797176254432,1.87797176254432,15,0.13760288035901927,0.06702862539554354,37.9639189151509,2,2
2,3,-78.28115379564919,-19.067878354203934,-55.0297374380801,0.004299452480581325,0.49729640786314294,0.5066025350010023,0.5141083842704322,0.525823769622939,1.605163784150883,1.465841403933657,1.465841403933657,13,0.1115393826337272,0.04177536294901939,-19.067878354203934,2,2
2,2,-9.484592873127905,27.4151998647725,9.507345244136753,0.009614305316759686,0.4979875311225889,0.5043547175327937,0.3794647661751042,0.7634157019454612,1.8999602186726008,0.3726216227015474,0.3726216227015474,13,0.24647272299083303,0.054427019556399045,27.4151998647725,1,0
2,2,-11.00114315481789,11.167862050789706,2.9111145863962444,0.007064343123643933,0.5124310027985346,0.5043510628988346,0.36846623328720957,0.5016782163906078,0.3554667497522838,0.027845183694999387,0.027845183694999387,13,0.1852907377859501,0.028007166342797502,11.167862050789706,0,0
1,2,-196.94350362084026,-7.449597063294044,-92.6139758779814,0.0030117391622900814,0.5153911700602674,0.5049668589935583,0.40515188202653746,0.05677991935458482,1.978846069967596,1.1677041078075907,1.1677041078075907,15,0.07037447185246505,0.020910262891356612,-7.449597063294044,1,1
2,1,-61.43582311550123,8.612356165169732,-22.128272780276582,0.010820439621926425,0.5142316784532297,0.5035108659183607,0.5039559735165283,0.5724705450614538,1.0759253419168422,1.1725643018581515,1.1725643018581515,14,0.2685844776182803,0.11684615805579357,8.612356165169732,1,2
2,2,-76.1619050541627,5394.767513709133,361.8687838810562,0.005976914139098996,0.5087693006205721,0.5011394828025784,0.4755594406053446,0.47292547288105885,1.2866803340578836,1.8364751477697168,1.8364751477697168,12,0.16041661511041422,0.11587126897242231,5394.767513709133,1,1
